date,total_clones,unique_cloners
2026-02-27,1475,246
2026-02-28,1169,166
2026-03-01,991,16
2026-03-02,1468,290
2026-03-03,1316,329
2026-03-04,1686,374
2026-03-05,976,22
2026-03-06,1153,175
2026-03-07,940,16
2026-03-08,945,35
2026-03-09,1829,246
2026-03-10,1354,303
2026-03-11,1273,216
2026-03-12,1146,165
2026-03-13,1342,247
2026-03-14,1159,19
2026-03-15,950,14
2026-03-16,1351,107
2026-03-17,1552,287
2026-03-18,1419,166
2026-03-19,1380,162
2026-03-20,2520,560
2026-03-21,1757,174
2026-03-22,1444,18
2026-03-23,1263,110
2026-03-24,1600,439
2026-03-25,1364,322
2026-03-26,1163,116
2026-03-27,381,161
2026-03-28,50,22
2026-03-29,33,19
2026-03-30,594,200
2026-03-31,273,164
2026-04-01,707,191
2026-04-02,392,219
2026-04-03,171,84
2026-04-04,47,14
2026-04-05,26,10
2026-04-06,574,268
2026-04-07,364,99
2026-04-08,552,375
2026-04-09,279,111
2026-04-10,249,25
2026-04-11,38,13
2026-04-12,28,10
2026-04-13,431,147
2026-04-14,489,254
2026-04-15,210,97
2026-04-16,368,171
2026-04-17,822,391
2026-04-18,38,11
2026-04-19,27,11
2026-04-20,793,391
2026-04-21,760,217
2026-04-22,585,229
2026-04-23,544,288
2026-04-24,183,99
2026-04-25,60,23
2026-04-26,119,83
2026-04-27,585,360
2026-04-28,635,407
2026-04-29,183,94
2026-04-30,346,230
2026-05-01,410,205
2026-05-02,222,92
2026-05-03,28,14
2026-05-04,192,90
2026-05-05,110,23
2026-05-06,387,256
2026-05-07,430,114
2026-05-08,592,106
2026-05-09,50,17
2026-05-10,29,13
2026-05-11,125,25
2026-05-12,284,163
2026-05-13,100,25
2026-05-14,499,277
2026-05-15,820,465
2026-05-16,60,21
2026-05-17,42,19
2026-05-18,688,241
2026-05-19,261,99
2026-05-20,589,383
2026-05-21,665,392
2026-05-22,615,220
2026-05-23,143,54
2026-05-24,75,30
2026-05-25,525,256
2026-05-26,274,122
2026-05-27,334,178
2026-05-28,481,39
2026-05-29,574,294
2026-05-30,417,78
2026-05-31,197,38
2026-06-01,309,182
2026-06-02,951,488
2026-06-03,1306,584
2026-06-04,861,250
2026-06-05,1166,569
2026-06-06,320,116
2026-06-07,194,121
2026-06-08,480,308
2026-06-09,1143,548
2026-06-10,1011,495
2026-06-11,508,49
2026-06-12,756,389
2026-06-13,242,40
2026-06-14,240,42
2026-06-15,1475,661
2026-06-16,1019,548
2026-06-17,1050,431
2026-06-18,482,247
2026-06-19,462,302
2026-06-20,95,30
2026-06-21,84,42
2026-06-22,1186,425
2026-06-23,755,389
2026-06-24,225,44
2026-06-25,546,129
2026-06-26,165,44
2026-06-27,285,20
2026-06-28,141,43
2026-06-29,614,385
2026-06-30,1006,513
2026-07-01,507,206
2026-07-02,543,342
2026-07-03,176,43
2026-07-04,121,66
2026-07-05,406,50
2026-07-06,199,56
2026-07-07,710,415
2026-07-08,1144,499
2026-07-09,1609,619
2026-07-10,1060,314
2026-07-11,96,40
2026-07-12,90,40
2026-07-13,529,270
2026-07-14,6624,486
2026-07-15,659,68
2026-07-16,444,152
2026-07-17,294,134
2026-07-18,100,42
2026-07-19,153,112
2026-07-20,572,306
2026-07-21,304,179
2026-07-22,529,272
2026-07-23,439,210
2026-07-24,1138,460
2026-07-25,189,136
2026-07-26,121,94
2026-07-27,581,189
2026-07-28,439,296
2026-07-29,606,323
2026-07-30,815,419
2026-07-31,1395,331
2026-08-01,131,96
2026-08-02,1014,30
2026-08-03,336,158
2026-08-04,654,309
2026-08-05,280,178
2026-08-06,1132,587
2026-08-07,521,177
2026-08-08,50,24
2026-08-09,390,236
2026-08-10,1059,530
2026-08-11,1817,187
2026-08-12,1235,213
2026-08-13,3589,246
2026-08-14,440,31
2026-08-15,898,28
2026-08-16,585,18
2026-08-17,1714,377
2026-08-18,1508,238
2026-08-19,2686,419
2026-08-20,1703,153
2026-08-21,1895,449
2026-08-22,1108,151
2026-08-23,8005,111
2026-08-24,2059,340
2026-08-25,2079,265
